{
  "project_info": {
    "project_number": "1001583915311",
    "firebase_url": "https://ticket-resale-5ce1e.firebaseio.com",
    "project_id": "ticket-resale-5ce1e",
    "storage_bucket": "ticket-resale-5ce1e.appspot.com"
  },
  "client": [
    {
      "client_info": {
        "mobilesdk_app_id": "1:1001583915311:android:91c6c221b9fbdab28eb1da",
        "android_client_info": {
          "package_name": "com.example.proto1"
        }
      },
      "oauth_client": [
        {
          "client_id": "1001583915311-m7ak4jo2a2aavaelpj8md7rh9punm01q.apps.googleusercontent.com",
          "client_type": 3
        }
      ],
      "api_key": [
        {
          "current_key": "AIzaSyBLiRDZeIsW-OIKywTL39oYUZkPHJOS_yQ"
        }
      ],
      "services": {
        "appinvite_service": {
          "other_platform_oauth_client": [
            {
              "client_id": "1001583915311-m7ak4jo2a2aavaelpj8md7rh9punm01q.apps.googleusercontent.com",
              "client_type": 3
            }
          ]
        }
      }
    }
  ],
  "configuration_version": "1"
}